Kingstown;Saint Vincent and the Grenadines
Nanakuli;United States of America
Lavagna;Italy
Ladispoli;Italy
Dong Hoi;Viet Nam
Nettuno;Italy
Puebloviejo;Colombia
Fiumicino;Italy
Nishinomiya;Japan
Carteret;United States of America
Ercolano;Italy
Bolama;Guinea-Bissau
Bairiki;Kiribati
Broome;Australia
Cananeia;Brazil
Cavite;Philippines
Prince Rupert;Canada
Roseau;Dominica
Ardrossan;United Kingdom of Great Britain and Northern Ireland
Stockholm;Sweden
Tacloban;Philippines
Tadotsu;Japan
Ternate;Indonesia
Torre Del Greco;Italy
Broadstairs;United Kingdom of Great Britain and Northern Ireland
Ermoupolis;Greece
Parainen;Finland
Piombino;Italy
Pomorie;Bulgaria
Port Dickson;Malaysia
Puerto Real;Spain
Rottingdean;United Kingdom of Great Britain and Northern Ireland
Sakaiminato;Japan
San Jose;United States of America
Savona;Italy
Sines;Portugal
Oarai;Japan
Keansburg;United States of America
Juneau;United States of America
Santa Pola;Spain
Sawtell;Australia
Sinop;Turkey
Kalianget;Indonesia
Futtsu;Japan
Gingoog;Philippines
Caibarien;Cuba
Caminawit;Philippines
Balikpapan;Indonesia
Golcuk;Turkey
Gold Coast;Australia
Hambantota;Sri Lanka
Isla Mujeres;Mexico
Santa Flavia;Italy
Crotone;Italy
Vieste;Italy
Moche;Peru
Namerikawa;Japan
Menton;France
Zanzibar;United Republic of Tanzania
Domoni;Comoros
West Bay;United Kingdom of Great Britain and Northern Ireland
Wakkanai;Japan
Mont Dore;New Caledonia
Nanao;Japan
Bata;Equatorial Guinea
Benidorm;Spain
Ancona;Italy
Termini Imerese;Italy
Fort Myers;United States of America
Anzio;Italy
Brigantine;United States of America
Kalamaria;Greece
Iloilo;Philippines
Maceio;Brazil
Marathon;United States of America
Sao Lourenco Do Sul;Brazil
Martigues;France
Carrickfergus;United Kingdom of Great Britain and Northern Ireland
Campbellton;Canada
Almada;Portugal
Antibes;France
Antonina;Brazil
Si Racha;Thailand
Preveza;Greece
Saint Simons;United States of America
Sestri Levante;Italy
North Myrtle Beach;United States of America
Meulaboh;Indonesia
Kaizuka;Japan
Ponnani;India
Pontian Kecil;Malaysia
Barreiro;Portugal
Kavieng;Papua New Guinea
Landskrona;Sweden
Hull;United Kingdom of Great Britain and Northern Ireland
Danao;Philippines
Hakodate;Japan
Jensen Beach;United States of America
Ortona;Italy
Macae;Brazil
Wallasey;United Kingdom of Great Britain and Northern Ireland
Tekirdag;Turkey
Granville;France
Kingston Upon Hull;United Kingdom of Great Britain and Northern Ireland
New Waterford;Canada
San Benedetto Del Tronto;Italy
Sao Francisco Do Sul;Brazil
Anacortes;United States of America
Banjul;Gambia
New York;United States of America
Akcakoca;Turkey
Alcudia;Spain
Titusville;United States of America
Togitsu;Japan
Velsen;Netherlands
Dinard;France
Split;Croatia
Port De Bouc;France
Pulupandan;Philippines
Pambujan;Philippines
Papara;France
Maxixe;Mozambique
Mazatlan;Mexico
Monster;Netherlands
Mergui;Myanmar
Kuala Kedah;Malaysia
Runcorn;United Kingdom of Great Britain and Northern Ireland
Sao Francisco Do Conde;Brazil
Bissau;Guinea-Bissau
Sitrah;Bahrain
Kochi;India
Frederikshavn;Denmark
Miami Beach;United States of America
Newport News;United States of America
Martaban;Myanmar
Kamal;Iran (Islamic Republic of)
Gushikawa;Japan
Dharmadam;India
Pionerskiy;Russian Federation
Goudomp;Senegal
Daru;Papua New Guinea
Kawanoe;Japan
Veraval;India
Tarut;Saudi Arabia
Putatan;Malaysia
Bontang;Indonesia
Winneba;Ghana
Bansud;Philippines
Arenzano;Italy
Nagua;Dominican Republic
Vico Equense;Italy
Tanjong Tokong;Malaysia
Ilfracombe;United Kingdom of Great Britain and Northern Ireland
Bunbury;Australia
Wexford;Ireland
Lapu Lapu;Philippines
Mangaratiba;Brazil
Marblehead;United States of America
Ventimiglia;Italy
Torrevieja;Spain
Trogir;Croatia
Taltal;Chile
Lidingo;Sweden
Arukutti;India
Itamaraca;Brazil
Jablah;Syrian Arab Republic
Huangpu;China
Ierapetra;Greece
Great Yarmouth;United Kingdom of Great Britain and Northern Ireland
Itaparica;Brazil
Eureka;United States of America
Mesolongion;Greece
Korsor;Denmark
Lagos;Nigeria
Procida;Italy
Pattaya;Thailand
Mandurah;Australia
Cabedelo;Brazil
Almeirim;Portugal
Biloxi;United States of America
Punta Umbria;Spain
Roseto Degli Abruzzi;Italy
Dzaoudzi;France
Mawlamyine;Myanmar
Mtwara;United Republic of Tanzania
Luganville;Vanuatu
La Porte;United States of America
Kijang;Republic of Korea
Puerto Vallarta;Mexico
Port Hedland;Australia
Sanary Sur Mer;France
Dana Point;United States of America
Don Sak;Thailand
Tsukumi;Japan
Hamina;Finland
Puerto Plata;Dominican Republic
Ramsgate;United Kingdom of Great Britain and Northern Ireland
Rianxo;Spain
Kanda;Japan
Makung;China
Urk;Netherlands
Colwyn Bay;United Kingdom of Great Britain and Northern Ireland
Winthrop;United States of America
Alvarado;Mexico
Martinsicuro;Italy
Gallipoli;Turkey
Girne;Cyprus
Seal Beach;United States of America
Sept Iles;Canada
Clacton On Sea;United Kingdom of Great Britain and Northern Ireland
Monte Di Procida;Italy
Naantali;Finland
Benaulim;India
Camara De Lobos;Portugal
Da Nang;Vietnam
Cumana;Venezuela
Vila Velha;Brazil
Ilhabela;Brazil
Albenga;Italy
Goderich;Canada
Funchal;Portugal
Kannangad;India
Durban;South Africa
Praia Grande;Brazil
Os;Norway
Paciran;Indonesia
Llanelli;United Kingdom of Great Britain and Northern Ireland
Long Beach;United States of America
Kismayo;Somalia
Tigzirt;Algeria
Pozzallo;Italy
Sandakan;Malaysia
Ponta Delgada;Portugal
Tammisaari;Finland
Tandag;Philippines
Tual;Indonesia
Taranto;Italy
Izumiotsu;Japan
Albufeira;Portugal
Amahai;Indonesia
Arcachon;France
Omura;Japan
Shingu;Japan
Workington;United Kingdom of Great Britain and Northern Ireland
Nynashamn;Sweden
Napier;New Zealand
Edgewood;United States of America
Narvik;Norway
Vila Real De Santo Antonio;Portugal
Vung Tau;Vietnam
Umm Lajj;Saudi Arabia
Mamoudzou;Mayotte
Khalkis;Greece
Kishiwada;Japan
Liepaja;Latvia
Ghogha;India
Bremerton;United States of America
Carpinteria;United States of America
Abaetetuba;Brazil
Palompon;Philippines
Paranagua;Brazil
Arraial Do Cabo;Brazil
Coatzacoalcos;Mexico
Pontal Do Parana;Brazil
Guaratuba;Brazil
Gazimagusa;Cyprus
Lipari;Italy
Zhenhai;China
Benicia;United States of America
Trapani;Italy
Kavaratti;India
Navelim;India
Rembang;Indonesia
Ocean City;United States of America
Iona;United States of America
Florianopolis;Brazil
Isabela;Philippines
Rameswaram;India
Matinhos;Brazil
Porto San Giorgio;Italy
Acapulco;Mexico
Conakry;Guinea
Chioggia;Italy
Portoferraio;Italy
Matsuura;Japan
Rhyl;United Kingdom of Great Britain and Northern Ireland
Rio Das Ostras;Brazil
Icod De Los Vinos;Spain
Alta;Norway
Half Moon Bay;United States of America
Hendaye;France
Cleethorpes;United Kingdom of Great Britain and Northern Ireland
Kota Kinabalu;Malaysia
Nileshwar;India
Obama;Japan
Pattani;Thailand
Porto Torres;Italy
Exmouth;United Kingdom of Great Britain and Northern Ireland
Gaeta;Italy
Nuevitas;Cuba
Valvedditturai;Sri Lanka
La Ciotat;France
Takoradi;Ghana
Gelibolu;Turkey
Luis Correia;Brazil
Harstad;Norway
Swampscott;United States of America
Stavanger;Norway
Dhuwaran;India
Dragor;Denmark
Durres;Albania
Nesoddtangen;Norway
Askoy;Norway
Eleusis;Greece
Iguape;Brazil
Tutoia;Brazil
Puerto Princesa;Philippines
Montrose;United Kingdom of Great Britain and Northern Ireland
Le Pradet;France
Malibu;United States of America
Kronshtadt;Russia
Ficarazzi;Italy
Angra Dos Reis;Brazil
Armacao Dos Buzios;Brazil
Bognor Regis;United Kingdom of Great Britain and Northern Ireland
Probolinggo;Indonesia
Permatang Kuching;Malaysia
Rovinj;Croatia
Lamu;Kenya
Kanniyakumari;India
Perai;Malaysia
Sitangkai;Philippines
Dalianwan;China
Kupang;Indonesia
Bang Lamung;Thailand
Marina;United States of America
Naruto;Japan
Kristiansund;Norway
Gwadar;Pakistan
Leirvik;Norway
Porec;Croatia
Jibuti;Djibouti
Oxelosund;Sweden
Puerto Cortes;Honduras
Necocli;Colombia
Terracina;Italy
Santa Margherita Ligure;Italy
Shcholkine;Russian Federation
Sorong;Indonesia
Weymouth;United Kingdom of Great Britain and Northern Ireland
Worthing;United Kingdom of Great Britain and Northern Ireland
Nassau;Bahamas
Tonosho;Japan
Troon;United Kingdom of Great Britain and Northern Ireland
Svetlyy;Svetlyy
Loutrakion;Greece
La Maddalena;Italy
Corpus Christi;United States of America
Karlskrona;Sweden
Folkestone;United Kingdom of Great Britain and Northern Ireland
Teknaf;Bangladesh
Milazzo;Italy
Ishikari;Japan
Isla Vista;United States of America
Wewak;Papua New Guinea
Ystad;Sweden
Birkenhead;United Kingdom of Great Britain and Northern Ireland
Muisne;Ecuador
Viareggio;Italy
Le Gosier;France
Mersin;Turkey
Grover Beach;United States of America
Barawe;Somalia
Copenhagen;Denmark
Bacoli;Italy
La Rochelle;France
Port Lincoln;Australia
Premia De Mar;Spain
Nauplion;Greece
Madre De Deus;Brazil
Apia;Samoa
Salou;Spain
Caorle;Italy
Canico;Portugal
Imperia;Italy
Yokosuka;Japan
Barra Dos Coqueiros;Brazil
Belize;Belize
Capesterre Belle Eau;Guadeloupe
Kramat;Indonesia
Turiacu;Brazil
Otaru;Japan
Tawau;Malaysia
Bodo;Norway
Labuan;Malaysia
La Condamine;Monaco
Madang;Papua New Guinea
Kalamansig;Philippines
Valdez;United States of America
Victoria Point;Australia
Sur;Oman
Diu;India
Formia;Italy
Constanta;Romania
Safety Harbor;United States of America
Ischia;Italy
Key West;United States of America
Haimen;China
Bagheria;Italy
Ilheus;Brazil
Teignmouth;United Kingdom of Great Britain and Northern Ireland
Torquay;United Kingdom of Great Britain and Northern Ireland
Roquebrune Cap Martin;France
Key Biscayne;United States of America
Lulea;Sweden
Peniche;Portugal
Wajima;Japan
Taolanaro;Madagascar
Manzanillo;Mexico
Forio;Italy
Tiverton;United Kingdom of Great Britain and Northern Ireland
Sorrento;Italy
Kyaikkami;Myanmar
Bima;Indonesia
Marapanim;Brazil
Calbuco;Chile
Sungairaya;Indonesia